"","ref","counts"
"1","aac_3__IVa.1_X01385",8
"2","aadA1.1_X02340",1
"3","aadA13.1_AY713504",1
"4","aadA1.3_JQ414041",16
"5","aadA1.5_JX185132",4
"6","aadA2.1_X68227",40
"7","aadA2.2_JQ364967",17
"8","aph_3___Ia.1_V00359",2
"9","aph_3___Ic.1_X62115",3
"10","aph_4__Ia.1_V01499",8
"11","blaCARB_2.1_M69058",33
"12","blaCARB_3.1_S46063",1
"13","blaTEM_124.1_AY327540",3
"14","blaTEM_1A.4_HM749966",2
"15","blaTEM_1B.1_JF910132",20
"16","blaTEM_1C.5_FJ560503",1
"17","blaTEM_206.1_KC783461",1
"18","blaTEM_81.1_AF427127",2
"19","catA1.1_V00622",2
"20","cml.1_M22614",1
"21","cmlA1.1_M64556",16
"22","dfrA12.1_AB571791",17
"23","dfrA1.30_JQ690541",4
"24","dfrA14.1_DQ388123",11
"25","floR.2_AF118107",33
"26","gyrA (D87N)",9
"27","gyrA (D87Y)",2
"28","gyrA (S83F)",10
"29","gyrA (S83Y)",1
"30","mef_B_.1_FJ196385",16
"31","mph_B_.1_D85892",1
"32","QnrB19.1_HM146784",1
"33","strA.1_M96392",2
"34","strA.4_AF321551",28
"35","strA.5_AF321550",1
"36","strB.1_M96392",30
"37","sul1.1_AY224185",7
"38","sul1.2_CP002151",35
"39","sul1.3_EU855787",3
"40","sul2.2_GQ421466",25
"41","sul2.3_HQ840942",5
"42","sul2.6_FN995456",1
"43","sul3.2_AJ459418",17
"44","tet_A_.4_AJ517790",15
"45","tet_B_.3_AP000342",1
"46","tet_B_.4_AF326777",13
"47","tet_C_.5_NC_003213",3
"48","tet_C_.9_AY046276",1
"49","tet_G_.4_AF133140",1
"50","tet_G_.5_AF071555",31
