"","ref","yes_counts","counts"
"1","aadA1.3_JQ414041",16,16
"2","aadA1.5_JX185132",4,4
"3","aadA2.1_X68227",38,40
"4","aadA2.2_JQ364967",17,17
"5","aph_3___Ia.1_V00359",2,2
"6","aph_3___Ic.1_X62115",3,3
"7","aph_4__Ia.1_V01499",4,8
"8","blaCARB_2.1_M69058",32,33
"9","blaTEM_1A.4_HM749966",2,2
"10","blaTEM_1B.1_JF910132",20,20
"11","blaTEM_1C.5_FJ560503",1,1
"12","blaTEM_206.1_KC783461",1,1
"13","blaTEM_81.1_AF427127",2,2
"14","catA1.1_V00622",2,2
"15","cmlA1.1_M64556",16,16
"16","dfrA12.1_AB571791",17,17
"17","dfrA1.30_JQ690541",4,4
"18","dfrA14.1_DQ388123",11,11
"19","floR.2_AF118107",31,33
"20","gyrA (D87N)",9,9
"21","gyrA (D87Y)",2,2
"22","gyrA (S83F)",10,10
"23","gyrA (S83Y)",1,1
"24","mph_B_.1_D85892",1,1
"25","QnrB19.1_HM146784",1,1
"26","strA.1_M96392",2,2
"27","strA.4_AF321551",18,28
"28","strB.1_M96392",30,30
"29","sul1.1_AY224185",7,7
"30","sul1.2_CP002151",8,35
"31","sul2.2_GQ421466",24,25
"32","sul2.3_HQ840942",5,5
"33","sul3.2_AJ459418",16,17
"34","tet_A_.4_AJ517790",15,15
"35","tet_B_.3_AP000342",1,1
"36","tet_B_.4_AF326777",13,13
"37","tet_C_.5_NC_003213",3,3
"38","tet_C_.9_AY046276",1,1
"39","tet_G_.5_AF071555",31,31
"40","aac_3__IVa.1_X01385",NA,8
"41","aadA1.1_X02340",NA,1
"42","aadA13.1_AY713504",NA,1
"43","blaCARB_3.1_S46063",NA,1
"44","blaTEM_124.1_AY327540",NA,3
"45","cml.1_M22614",NA,1
"46","mef_B_.1_FJ196385",NA,16
"47","strA.5_AF321550",NA,1
"48","sul1.3_EU855787",NA,3
"49","sul2.6_FN995456",NA,1
"50","tet_G_.4_AF133140",NA,1
